COD_VAR;LIB_VAR;COD_MOD;LIB_MOD;TYPE;LONGUEUR;NOMENCLATURE;COMMENTAIRES
AAV2020;Zonage en aire d'attraction des villes 2020 d'implantation de l'équipement;liste;liste;CHAR;3;millésime 2024;
AAV2020;Zonage en aire d'attraction des villes 2020 d'implantation de l'équipement;CSZ;Commune sans zonage. La commune n'est pas concernée par les AAV2020.;CHAR;3;;Modalité spécifique à la BPE
ACCES_AIRE_PRATIQUE;Présence d’un aménagement permettant l’accessibilité d’au moins une aire de pratique, au sein d’une même installation, aux personnes handicapées moteur ou à mobilité réduite;0;Absence;CHAR;2;;
ACCES_AIRE_PRATIQUE;Présence d’un aménagement permettant l’accessibilité d’au moins une aire de pratique, au sein d’une même installation, aux personnes handicapées moteur ou à mobilité réduite;1;Présence;CHAR;2;;
ACCES_AIRE_PRATIQUE;Présence d’un aménagement permettant l’accessibilité d’au moins une aire de pratique, au sein d’une même installation, aux personnes handicapées moteur ou à mobilité réduite;_U;Indéterminé;CHAR;2;;
ACCES_AIRE_PRATIQUE;Présence d’un aménagement permettant l’accessibilité d’au moins une aire de pratique, au sein d’une même installation, aux personnes handicapées moteur ou à mobilité réduite;_Z;Sans objet;CHAR;2;;
ACCES_LIBRE;Présence d’un équipement en accès libre permanent;0;Absence;CHAR;2;;
ACCES_LIBRE;Présence d’un équipement en accès libre permanent;1;Présence;CHAR;2;;
ACCES_LIBRE;Présence d’un équipement en accès libre permanent;_U;Indéterminé;CHAR;2;;
ACCES_LIBRE;Présence d’un équipement en accès libre permanent;_Z;Sans objet;CHAR;2;;
ACCES_SANITAIRE;Présence d’un aménagement permettant l’accessibilité d’au moins un sanitaire, au sein d’une même installation, aux personnes handicapées moteur ou à mobilité réduite;0;Absence;CHAR;2;;
ACCES_SANITAIRE;Présence d’un aménagement permettant l’accessibilité d’au moins un sanitaire, au sein d’une même installation, aux personnes handicapées moteur ou à mobilité réduite;1;Présence;CHAR;2;;
ACCES_SANITAIRE;Présence d’un aménagement permettant l’accessibilité d’au moins un sanitaire, au sein d’une même installation, aux personnes handicapées moteur ou à mobilité réduite;_U;Indéterminé;CHAR;2;;
ACCES_SANITAIRE;Présence d’un aménagement permettant l’accessibilité d’au moins un sanitaire, au sein d’une même installation, aux personnes handicapées moteur ou à mobilité réduite;_Z;Sans objet;CHAR;2;;
ACCES_VESTIAIRE;Présence d’un aménagement permettant l’accessibilité d’au moins un vestiaire et une douche, au sein d’une même installation, aux personnes handicapées moteur ou à mobilité réduite;0;Absence;CHAR;2;;
ACCES_VESTIAIRE;Présence d’un aménagement permettant l’accessibilité d’au moins un vestiaire et une douche, au sein d’une même installation, aux personnes handicapées moteur ou à mobilité réduite;1;Présence;CHAR;2;;
ACCES_VESTIAIRE;Présence d’un aménagement permettant l’accessibilité d’au moins un vestiaire et une douche, au sein d’une même installation, aux personnes handicapées moteur ou à mobilité réduite;_U;Indéterminé;CHAR;2;;
ACCES_VESTIAIRE;Présence d’un aménagement permettant l’accessibilité d’au moins un vestiaire et une douche, au sein d’une même installation, aux personnes handicapées moteur ou à mobilité réduite;_Z;Sans objet;CHAR;2;;
ACCUEIL;Type d'accueil de l'infrastructure;;;CHAR;51;;
AN;Millésime de la base;2024;2024;CHAR;4;;
BV2022;Zonage en bassins de vie 2022 d’implantation de l’équipement;liste;liste;CHAR;5;millésime 2024;
CADR;Complément d'adresse;;;CHAR;157;;
CANTINE;Présence ou absence d'une cantine;0;Absence;CHAR;2;;
CANTINE;Présence ou absence d'une cantine;1;Présence;CHAR;2;;
CANTINE;Présence ou absence d'une cantine;_U;Indéterminé;CHAR;2;;
CANTINE;Présence ou absence d'une cantine;_Z;Sans objet;CHAR;2;;
CAPACITE;Capacité de l'équipement;;Capacité indéterminée ou équipement non-concerné par la capacité;INTEGER;8;;
CAPACITE;Capacité de l'équipement;;;INTEGER;8;;
CAPACITE_D_ACCUEIL;Catégorie d’établissement recevant du public (ERP);1;Au-dessus de 1500 personnes;CHAR;2;;
CAPACITE_D_ACCUEIL;Catégorie d’établissement recevant du public (ERP);2;De 701 à 1500 personnes;CHAR;2;;
CAPACITE_D_ACCUEIL;Catégorie d’établissement recevant du public (ERP);3;De 301 à 700 Personnes;CHAR;2;;
CAPACITE_D_ACCUEIL;Catégorie d’établissement recevant du public (ERP);4;De 101 à 300 personnes;CHAR;2;;
CAPACITE_D_ACCUEIL;Catégorie d’établissement recevant du public (ERP);5;Inférieur ou égal à 100 personnes;CHAR;2;;
CAPACITE_D_ACCUEIL;Catégorie d’établissement recevant du public (ERP);_U;Indéterminé;CHAR;2;;
CAPACITE_D_ACCUEIL;Catégorie d’établissement recevant du public (ERP);_Z;Sans objet;CHAR;2;;
CATEGORIE;Catégorie d'équipement;;;CHAR;56;;
CL_PGE;Présence ou absence d'une classe préparatoire aux grandes écoles en lycée;0;Absence;CHAR;2;;
CL_PGE;Présence ou absence d'une classe préparatoire aux grandes écoles en lycée;1;Présence;CHAR;2;;
CL_PGE;Présence ou absence d'une classe préparatoire aux grandes écoles en lycée;_U;Indéterminé;CHAR;2;;
CL_PGE;Présence ou absence d'une classe préparatoire aux grandes écoles en lycée;_Z;Sans objet;CHAR;2;;
CNOMRS;Complément du nom ou de la raison sociale de l'équipement;;;CHAR;164;;
CODPOS;Code postal de l'adresse d'implantation de l'équipement;liste;liste;CHAR;5;millésime 2024;
COUVERT;Présence ou absence d’équipement(s) avec au moins une partie couverte;0;Absence;CHAR;2;;
COUVERT;Présence ou absence d’équipement(s) avec au moins une partie couverte;1;Présence;CHAR;2;;
COUVERT;Présence ou absence d’équipement(s) avec au moins une partie couverte;_U;Indéterminé;CHAR;2;;
COUVERT;Présence ou absence d’équipement(s) avec au moins une partie couverte;_Z;Sans objet;CHAR;2;;
DCIRIS;Code IRIS d'implantation de l'équipement;liste;liste;CHAR;9;millésime 2024;https://www.insee.fr/fr/information/8063612
DCIRIS;Code IRIS d'implantation de l'équipement;DEPCOM_IND;L'appartenance à un iris est indéterminée;CHAR;9;communes 2024;Modalité spécifique à la BPE
DENS3;Grille communale de densité à 3 niveaux;1;Communes densément peuplées;CHAR;1;;
DENS3;Grille communale de densité à 3 niveaux;2;Communes de densité intermédiaire;CHAR;1;;
DENS3;Grille communale de densité à 3 niveaux;3;Communes rurales;CHAR;1;;
DENS7;Grille communale de densité à 7 niveaux;1;Grands centres urbains;CHAR;1;;
DENS7;Grille communale de densité à 7 niveaux;2;Centres urbains intermédiaires;CHAR;1;;
DENS7;Grille communale de densité à 7 niveaux;3;Petites villes;CHAR;1;;
DENS7;Grille communale de densité à 7 niveaux;4;Ceintures urbaines;CHAR;1;;
DENS7;Grille communale de densité à 7 niveaux;5;Bourgs ruraux;CHAR;1;;
DENS7;Grille communale de densité à 7 niveaux;6;Rural à habitat dispersé;CHAR;1;;
DENS7;Grille communale de densité à 7 niveaux;7;Rural à habitat très dispersé;CHAR;1;;
DEP;Département d'implantation de l'équipement;liste;liste;CHAR;3;millésime 2024;https://www.insee.fr/fr/information/8064273
DEPCOM;Code département et commune d'implantation de l'équipement;liste;liste;CHAR;5;millésime 2024;https://www.insee.fr/fr/information/8064273
DOM;Domaine d'appartenance de l'équipement;A;Services pour les particuliers;CHAR;1;;
DOM;Domaine d'appartenance de l'équipement;B;Commerces;CHAR;1;;
DOM;Domaine d'appartenance de l'équipement;C;Enseignement;CHAR;1;;
DOM;Domaine d'appartenance de l'équipement;D;Santé et action sociale;CHAR;1;;
DOM;Domaine d'appartenance de l'équipement;E;Transports et déplacements;CHAR;1;;
DOM;Domaine d'appartenance de l'équipement;F;Sports, loisirs et culture;CHAR;1;;
DOM;Domaine d'appartenance de l'équipement;G;Tourisme;CHAR;1;;
ECLAIRE;Présence ou absence d'équipement(s) avec au moins une partie éclairée;0;Absence;CHAR;2;;
ECLAIRE;Présence ou absence d'équipement(s) avec au moins une partie éclairée;1;Présence;CHAR;2;;
ECLAIRE;Présence ou absence d'équipement(s) avec au moins une partie éclairée;_U;Indéterminé;CHAR;2;;
ECLAIRE;Présence ou absence d'équipement(s) avec au moins une partie éclairée;_Z;Sans objet;CHAR;2;;
EP;Présence ou absence d'un dispositif d'éducation prioritaire;0;Absence;CHAR;2;;
EP;Présence ou absence d'un dispositif d'éducation prioritaire;1;Présence;CHAR;2;;
EP;Présence ou absence d'un dispositif d'éducation prioritaire;_U;Indéterminé;CHAR;2;;
EP;Présence ou absence d'un dispositif d'éducation prioritaire;_Z;Sans objet;CHAR;2;;
EPCI;Etablissement public de coopération intercommunal d'implantation de l'équipement;liste;liste;CHAR;9;millésime 2024;https://www.insee.fr/fr/information/8064273
EPCI;Etablissement public de coopération intercommunal d'implantation de l'équipement;CSZ;Commune sans zonage. La commune n'est pas concernée par les EPCI.;CHAR;9;;Modalité spécifique à la BPE
EPSG;Code EPSG du système de coordonnées;2154;Lambert 93;CHAR;4;;
EPSG;Code EPSG du système de coordonnées;2972;UTM 22 Nord;CHAR;4;;
EPSG;Code EPSG du système de coordonnées;2975;UTM 40 Sud;CHAR;4;;
EPSG;Code EPSG du système de coordonnées;4471;UTM 38 Sud;CHAR;4;;
EPSG;Code EPSG du système de coordonnées;5490;UTM 20 Nord;CHAR;4;;
IMPLANTATION_STATION;Implantation d’une station de recharge;1;Voirie;CHAR;2;;
IMPLANTATION_STATION;Implantation d’une station de recharge;2;Parking public;CHAR;2;;
IMPLANTATION_STATION;Implantation d’une station de recharge;3;Parking privé à usage public;CHAR;2;;
IMPLANTATION_STATION;Implantation d’une station de recharge;4;parking privé réservé à la clientèle;CHAR;2;;
IMPLANTATION_STATION;Implantation d’une station de recharge;5;Station dédiée à la recharge rapide;CHAR;2;;
IMPLANTATION_STATION;Implantation d’une station de recharge;_U;Indéterminé;CHAR;2;;
IMPLANTATION_STATION;Implantation d’une station de recharge;_Z;Sans objet;CHAR;2;;
INDIC_CAPA;Indicateur de concernement des valeurs de capacité;0;Le type d'équipement n'est pas concerné par cette variable;CHAR;1;;
INDIC_CAPA;Indicateur de concernement des valeurs de capacité;1;Le type d'équipement est concerné par cette variable;CHAR;1;;
INDIC_NBEQUIDENT;Indicateur de concernement des valeurs du nombre d’infrastructures au sein de l’équipement;0;Le type d'équipement n'est pas concerné par cette variable;CHAR;1;;
INDIC_NBEQUIDENT;Indicateur de concernement des valeurs du nombre d’infrastructures au sein de l’équipement;1;Le type d'équipement est concerné par cette variable;CHAR;1;;
INDIC_NBLIEUX;Indicateur de concernement des valeurs du nombre de lieux;0;Le type d'équipement n'est pas concerné par cette variable;CHAR;1;;
INDIC_NBLIEUX;Indicateur de concernement des valeurs du nombre de lieux;1;Le type d'équipement est concerné par cette variable;CHAR;1;;
INDIC_NBSALLES;Indicateur de concernement des valeurs du nombre de salles;0;Le type d'équipement n'est pas concerné par cette variable;CHAR;1;;
INDIC_NBSALLES;Indicateur de concernement des valeurs du nombre de salles;1;Le type d'équipement est concerné par cette variable;CHAR;1;;
INDIC_NB_JOURS_OUVERT;Indicateur de concernement des valeurs du nombre de jours d’ouverture hebdomadaire d’une station de recharge;0;Le type d'équipement n'est pas concerné par cette variable;CHAR;1;;
INDIC_NB_JOURS_OUVERT;Indicateur de concernement des valeurs du nombre de jours d’ouverture hebdomadaire d’une station de recharge;1;Le type d'équipement est concerné par cette variable;CHAR;1;;
INDIC_NB_PDC;Indicateur de concernement des valeurs du nombre de points de charge dans une station de recharge;0;Le type d'équipement n'est pas concerné par cette variable;CHAR;1;;
INDIC_NB_PDC;Indicateur de concernement des valeurs du nombre de points de charge dans une station de recharge;1;Le type d'équipement est concerné par cette variable;CHAR;1;;
INDIC_NB_PDC_ACCELEREE;Indicateur de concernement des valeurs du nombre de points de recharge accélérée;0;Le type d'équipement n'est pas concerné par cette variable;CHAR;1;;
INDIC_NB_PDC_ACCELEREE;Indicateur de concernement des valeurs du nombre de points de recharge accélérée;1;Le type d'équipement est concerné par cette variable;CHAR;1;;
INDIC_NB_PDC_LENTE;Indicateur de concernement des valeurs du nombre de points de recharge lente;0;Le type d'équipement n'est pas concerné par cette variable;CHAR;1;;
INDIC_NB_PDC_LENTE;Indicateur de concernement des valeurs du nombre de points de recharge lente;1;Le type d'équipement est concerné par cette variable;CHAR;1;;
INDIC_NB_PDC_PA;Indicateur de concernement des valeurs du nombre de points de recharge à paiement à l'acte;0;Le type d'équipement n'est pas concerné par cette variable;CHAR;1;;
INDIC_NB_PDC_PA;Indicateur de concernement des valeurs du nombre de points de recharge à paiement à l'acte;1;Le type d'équipement est concerné par cette variable;CHAR;1;;
INDIC_NB_PDC_RAPIDE;Indicateur de concernement des valeurs du nombre de points de recharge rapide;0;Le type d'équipement n'est pas concerné par cette variable;CHAR;1;;
INDIC_NB_PDC_RAPIDE;Indicateur de concernement des valeurs du nombre de points de recharge rapide;1;Le type d'équipement est concerné par cette variable;CHAR;1;;
INDIC_NB_PDC_ULTRARAPIDE;Indicateur de concernement des valeurs du nombre de points de recharge ultra-rapide;0;Le type d'équipement n'est pas concerné par cette variable;CHAR;1;;
INDIC_NB_PDC_ULTRARAPIDE;Indicateur de concernement des valeurs du nombre de points de recharge ultra-rapide;1;Le type d'équipement est concerné par cette variable;CHAR;1;;
INDREP;Indice de répétition du numéro de voie de l'adresse d'implantation de l'équipement;;;CHAR;1;;
INTERNAT;Présence ou absence d’un internat;0;Absence;CHAR;2;;
INTERNAT;Présence ou absence d’un internat;1;Présence;CHAR;2;;
INTERNAT;Présence ou absence d’un internat;_U;Indéterminé;CHAR;2;;
INTERNAT;Présence ou absence d’un internat;_Z;Sans objet;CHAR;2;;
IRISEE;Indicatrice d'irisation de la commune;0;Commune non-irisée;CHAR;1;;
IRISEE;Indicatrice d'irisation de la commune;1;Commune irisée;CHAR;1;;
ITINERANCE;Présence d’une structure itinérante;0;Absence;CHAR;2;;
ITINERANCE;Présence d’une structure itinérante;1;Présence;CHAR;2;;
ITINERANCE;Présence d’une structure itinérante;_U;Indéterminé;CHAR;2;;
ITINERANCE;Présence d’une structure itinérante;_Z;Sans objet;CHAR;2;;
LAMBERT_X;Coordonnée X de l'équipement;;;NUMERIC;8;;
LAMBERT_Y;Coordonnée Y de l'équipement;;;NUMERIC;8;;
LATITUDE;Latitude en coordonnées GPS de l’équipement (degrés décimaux);;;NUMERIC;8;;
LIBCOM;Libellé de la commune d'implantation de l'équipement;;;CHAR;45;;
LIBVOIE;Libellé de la voie d'implantation de l'équipement;;;CHAR;161;;
LONGITUDE;Longitude en coordonnées GPS de l’équipement (degrés décimaux);;;NUMERIC;8;;
MODE_GESTION;Mode de gestion de l'infrastructure;ENTRE;Marché de prestation de service;CHAR;5;;
MODE_GESTION;Mode de gestion de l'infrastructure;GESDE;Délégation de service public;CHAR;5;;
MODE_GESTION;Mode de gestion de l'infrastructure;PRIVE;Gestion privée;CHAR;5;;
MODE_GESTION;Mode de gestion de l'infrastructure;REGIE;Régie;CHAR;5;;
MODE_GESTION;Mode de gestion de l'infrastructure;_U;Indéterminé;CHAR;5;;
MODE_GESTION;Mode de gestion de l'infrastructure;_Z;Non concerné;CHAR;5;;
MULTIPLEXE;Présence d’un cinéma multiplexe;0;Absence;CHAR;2;;
MULTIPLEXE;Présence d’un cinéma multiplexe;1;Présence;CHAR;2;;
MULTIPLEXE;Présence d’un cinéma multiplexe;_U;Indéterminé;CHAR;2;;
MULTIPLEXE;Présence d’un cinéma multiplexe;_Z;Sans objet;CHAR;2;;
NBEQUIDENT;Nombre d'aires de pratique identiques dans l'équipement;;Effectif indéterminé ou non-concerné par cette variable;INTEGER;8;;
NBEQUIDENT;Nombre d'aires de pratique identiques dans l'équipement;;;INTEGER;8;;
NBLIEUX;Nombre de lieux;;Effectif indéterminé ou non-concerné par cette variable;INTEGER;8;;
NBLIEUX;Nombre de lieux;;;INTEGER;8;;
NBSALLES;Nombre de salles;;Effectif indéterminé ou non-concerné par cette variable;INTEGER;8;;
NBSALLES;Nombre de salles;;;INTEGER;8;;
NB_JOURS_OUVERT;Nombre de jours d’ouverture hebdomadaire d’une station de recharge;;Effectif indéterminé ou non-concerné par cette variable;INTEGER;8;;
NB_JOURS_OUVERT;Nombre de jours d’ouverture hebdomadaire d’une station de recharge;;;INTEGER;8;;
NB_PDC;Nombre de points de charge dans une station de recharge;;Effectif indéterminé ou non-concerné par cette variable;INTEGER;8;;
NB_PDC;Nombre de points de charge dans une station de recharge;;;INTEGER;8;;
NB_PDC_ACCELEREE;Nombre de points de recharge accélérée dans une station de recharge;;Effectif indéterminé ou non-concerné par cette variable;INTEGER;8;;
NB_PDC_ACCELEREE;Nombre de points de recharge accélérée dans une station de recharge;;;INTEGER;8;;
NB_PDC_LENTE;Nombre de points de recharge lente dans une station de recharge;;Effectif indéterminé ou non-concerné par cette variable;INTEGER;8;;
NB_PDC_LENTE;Nombre de points de recharge lente dans une station de recharge;;;INTEGER;8;;
NB_PDC_PA;Nombre de points de recharge à paiement à l’acte dans une station de recharge;;Effectif indéterminé ou non-concerné par cette variable;INTEGER;8;;
NB_PDC_PA;Nombre de points de recharge à paiement à l’acte dans une station de recharge;;;INTEGER;8;;
NB_PDC_RAPIDE;Nombre de points de recharge rapide dans une station de recharge;;Effectif indéterminé ou non-concerné par cette variable;INTEGER;8;;
NB_PDC_RAPIDE;Nombre de points de recharge rapide dans une station de recharge;;;INTEGER;8;;
NB_PDC_ULTRARAPIDE;Nombre de points de recharge ultra-rapide dans une station de recharge;;Effectif indéterminé ou non-concerné par cette variable;INTEGER;8;;
NB_PDC_ULTRARAPIDE;Nombre de points de recharge ultra-rapide dans une station de recharge;;;INTEGER;8;;
NOMRS;Nom ou raison sociale de l'équipement;;;CHAR;213;;
NUMVOIE;Numéro de voie de l'adresse d'implantation de l'équipement;;;CHAR;4;;
PRES_DOUCHE;Présence de douches;0;Absence;CHAR;2;;
PRES_DOUCHE;Présence de douches;1;Présence;CHAR;2;;
PRES_DOUCHE;Présence de douches;_U;Indéterminé;CHAR;2;;
PRES_DOUCHE;Présence de douches;_Z;Sans objet;CHAR;2;;
PRES_SANITAIRE;Présence de sanitaires;0;Absence;CHAR;2;;
PRES_SANITAIRE;Présence de sanitaires;1;Présence;CHAR;2;;
PRES_SANITAIRE;Présence de sanitaires;_U;Indéterminé;CHAR;2;;
PRES_SANITAIRE;Présence de sanitaires;_Z;Sans objet;CHAR;2;;
QP2024;Quartier prioritaire de la politique de la ville d'appartenance de l'équipement;liste;liste;CHAR;8;millésime 2024;https://www.insee.fr/fr/information/8063612
QP2024;Quartier prioritaire de la politique de la ville d'appartenance de l'équipement;CSZ;Commune sans zonage. La commune n'est pas concernée par les QP2024.;CHAR;8;;Modalité spécifique à la BPE
QP2024;Quartier prioritaire de la politique de la ville d'appartenance de l'équipement;HZ;hors zonage : localisation hors du zonage QP2024.;CHAR;8;;Modalité spécifique à la BPE
QP2024;Quartier prioritaire de la politique de la ville d'appartenance de l'équipement;IND;l’appartenance au zonage QP2024 est indéterminée.;CHAR;8;;Modalité spécifique à la BPE
QUALITE_GEOLOC;Indicateur de précision du repérage par l’adresse;11;Voie sûre, Numéro trouvé;CHAR;2;;
QUALITE_GEOLOC;Indicateur de précision du repérage par l’adresse;12;Voie sûre, Position aléatoire dans la voie;CHAR;2;;
QUALITE_GEOLOC;Indicateur de précision du repérage par l’adresse;21;Voie probable, Numéro trouvé;CHAR;2;;
QUALITE_GEOLOC;Indicateur de précision du repérage par l’adresse;22;Voie probable, Position aléatoire dans la voie;CHAR;2;;
QUALITE_GEOLOC;Indicateur de précision du repérage par l’adresse;33;Voie inconnue, Position aléatoire dans la commune;CHAR;2;;
QUALITE_GEOLOC;Indicateur de précision du repérage par l’adresse;_U;Indéterminé;CHAR;2;;
QUALITE_GEOLOC;Indicateur de précision du repérage par l’adresse;_Z;Sans objet;CHAR;2;;
QUALITE_XY;Indicateur de qualité de géolocalisation;A;Acceptable;CHAR;2;;
QUALITE_XY;Indicateur de qualité de géolocalisation;B;Bonne;CHAR;2;;
QUALITE_XY;Indicateur de qualité de géolocalisation;M;Mauvaise;CHAR;2;;
QUALITE_XY;Indicateur de qualité de géolocalisation;_U;Indéterminée;CHAR;2;;
QUALITE_XY;Indicateur de qualité de géolocalisation;_Z;Sans objet;CHAR;2;;
QUALI_IRIS;Indicateur de qualité du géoréférencement dans l'iris;1;Appartenance sûre au zonage;CHAR;2;;
QUALI_IRIS;Indicateur de qualité du géoréférencement dans l'iris;2;Appartenance probable au zonage;CHAR;2;;
QUALI_IRIS;Indicateur de qualité du géoréférencement dans l'iris;3;Appartenance aléatoire ou indéterminée au zonage;CHAR;2;;
QUALI_IRIS;Indicateur de qualité du géoréférencement dans l'iris;_Z;Sans objet;CHAR;2;;
QUALI_QP2024;Indicateur de qualité du géoréférencement dans le quartier prioritaire de la politique de la ville;1;Appartenance sûre au zonage;CHAR;2;;
QUALI_QP2024;Indicateur de qualité du géoréférencement dans le quartier prioritaire de la politique de la ville;2;Appartenance probable au zonage;CHAR;2;;
QUALI_QP2024;Indicateur de qualité du géoréférencement dans le quartier prioritaire de la politique de la ville;3;Appartenance aléatoire ou indéterminée au zonage;CHAR;2;;
QUALI_QP2024;Indicateur de qualité du géoréférencement dans le quartier prioritaire de la politique de la ville;_Z;Sans objet;CHAR;2;;
QUALI_QVA;Indicateur de qualité du géoréférencement dans le quartier de veille active;1;Appartenance sûre au zonage;CHAR;2;;
QUALI_QVA;Indicateur de qualité du géoréférencement dans le quartier de veille active;2;Appartenance probable au zonage;CHAR;2;;
QUALI_QVA;Indicateur de qualité du géoréférencement dans le quartier de veille active;3;Appartenance aléatoire ou indéterminée au zonage;CHAR;2;;
QUALI_QVA;Indicateur de qualité du géoréférencement dans le quartier de veille active;_Z;Sans objet;CHAR;2;;
QUALI_ZUS;Indicateur de qualité du géoréférencement dans la zone urbaine sensible;1;Appartenance sûre au zonage;CHAR;2;;
QUALI_ZUS;Indicateur de qualité du géoréférencement dans la zone urbaine sensible;2;Appartenance probable au zonage;CHAR;2;;
QUALI_ZUS;Indicateur de qualité du géoréférencement dans la zone urbaine sensible;3;Appartenance aléatoire ou indéterminée au zonage;CHAR;2;;
QUALI_ZUS;Indicateur de qualité du géoréférencement dans la zone urbaine sensible;_Z;Sans objet;CHAR;2;;
QVA;Quartier de veille active d'appartenance de l'équipement;liste;liste;CHAR;7;millésime 2015;https://sig.ville.gouv.fr/page/12
QVA;Quartier de veille active d'appartenance de l'équipement;CSZ;Commune sans zonage. La commune n'est pas concernée par les QVA.;CHAR;7;;Modalité spécifique à la BPE
QVA;Quartier de veille active d'appartenance de l'équipement;HZ;hors zonage : localisation hors du zonage QVA.;CHAR;7;;Modalité spécifique à la BPE
QVA;Quartier de veille active d'appartenance de l'équipement;IND;l’appartenance au zonage QVA est indéterminée.;CHAR;7;;Modalité spécifique à la BPE
REG;Région d'implantation de l'équipement;liste;liste;CHAR;2;millésime 2024;https://www.insee.fr/fr/information/8064273
RPI;Type de regroupement pédagogique intercommunal;C;RPI concentré;CHAR;2;;
RPI;Type de regroupement pédagogique intercommunal;D;RPI dispersé;CHAR;2;;
RPI;Type de regroupement pédagogique intercommunal;_Z;Sans objet;CHAR;2;;
SAISONNIER;Présence d’un équipement à l’ouverture exclusivement saisonnière;0;Absence;CHAR;2;;
SAISONNIER;Présence d’un équipement à l’ouverture exclusivement saisonnière;1;Présence;CHAR;2;;
SAISONNIER;Présence d’un équipement à l’ouverture exclusivement saisonnière;_U;Indéterminé;CHAR;2;;
SAISONNIER;Présence d’un équipement à l’ouverture exclusivement saisonnière;_Z;Sans objet;CHAR;2;;
SDOM;Sous-domaine d'appartenance de l'équipement;A1;Services publics;CHAR;2;;
SDOM;Sous-domaine d'appartenance de l'équipement;A2;Services généraux;CHAR;2;;
SDOM;Sous-domaine d'appartenance de l'équipement;A3;Services automobiles;CHAR;2;;
SDOM;Sous-domaine d'appartenance de l'équipement;A4;Artisanat du bâtiment;CHAR;2;;
SDOM;Sous-domaine d'appartenance de l'équipement;A5;Autres services;CHAR;2;;
SDOM;Sous-domaine d'appartenance de l'équipement;B1;Grandes surfaces;CHAR;2;;
SDOM;Sous-domaine d'appartenance de l'équipement;B2;Commerces alimentaires;CHAR;2;;
SDOM;Sous-domaine d'appartenance de l'équipement;B3;Commerces spécialisés non-alimentaires;CHAR;2;;
SDOM;Sous-domaine d'appartenance de l'équipement;C1;Enseignement du premier degré;CHAR;2;;
SDOM;Sous-domaine d'appartenance de l'équipement;C2;Enseignement du second degré - premier cycle;CHAR;2;;
SDOM;Sous-domaine d'appartenance de l'équipement;C3;Enseignement du second degré - second cycle;CHAR;2;;
SDOM;Sous-domaine d'appartenance de l'équipement;C4;Enseignement supérieur non-universitaire;CHAR;2;;
SDOM;Sous-domaine d'appartenance de l'équipement;C5;Enseignement supérieur universitaire;CHAR;2;;
SDOM;Sous-domaine d'appartenance de l'équipement;C6;Formation continue;CHAR;2;;
SDOM;Sous-domaine d'appartenance de l'équipement;C7;Autres services de l'éducation;CHAR;2;;
SDOM;Sous-domaine d'appartenance de l'équipement;D1;Etablissements et services de santé;CHAR;2;;
SDOM;Sous-domaine d'appartenance de l'équipement;D2;Fonctions médicales et paramédicales (à titre libéral);CHAR;2;;
SDOM;Sous-domaine d'appartenance de l'équipement;D3;Autres établissements et services à caractère sanitaire;CHAR;2;;
SDOM;Sous-domaine d'appartenance de l'équipement;D4;Action sociale pour personnes âgées;CHAR;2;;
SDOM;Sous-domaine d'appartenance de l'équipement;D5;Action sociale pour enfants en bas-âge;CHAR;2;;
SDOM;Sous-domaine d'appartenance de l'équipement;D6;Action sociale pour handicapés;CHAR;2;;
SDOM;Sous-domaine d'appartenance de l'équipement;D7;Autres services d'action sociale;CHAR;2;;
SDOM;Sous-domaine d'appartenance de l'équipement;E1;Infrastructures de transports;CHAR;2;;
SDOM;Sous-domaine d'appartenance de l'équipement;F1;Equipements sportifs;CHAR;2;;
SDOM;Sous-domaine d'appartenance de l'équipement;F2;Equipements de loisirs;CHAR;2;;
SDOM;Sous-domaine d'appartenance de l'équipement;F3;Equipements culturels et socioculturels;CHAR;2;;
SDOM;Sous-domaine d'appartenance de l'équipement;G1;Tourisme;CHAR;2;;
SECT;Appartenance au secteur public ou privé d'enseignement;PR;Secteur privé;CHAR;2;;
SECT;Appartenance au secteur public ou privé d'enseignement;PU;Secteur public;CHAR;2;;
SECT;Appartenance au secteur public ou privé d'enseignement;_U;Indéterminé;CHAR;2;;
SECT;Appartenance au secteur public ou privé d'enseignement;_Z;Sans objet;CHAR;2;;
SIRET;Numéro SIRET de l'équipement;;;CHAR;14;;
SPECIALITE;Spécialité du professionnel;;;CHAR;80;;
SSTYPHEB;Sous-type d'hébergement;AH;Autres hébergements;CHAR;2;;
SSTYPHEB;Sous-type d'hébergement;RT;Résidence de tourisme;CHAR;2;;
SSTYPHEB;Sous-type d'hébergement;VV;Village vacances;CHAR;2;;
SSTYPHEB;Sous-type d'hébergement;_Z;Sans objet;CHAR;2;;
STATUT_DIFFUSION;Statut de diffusion Sirene;O;Diffusion totale;CHAR;2;;
STATUT_DIFFUSION;Statut de diffusion Sirene;P;Diffusion partielle;CHAR;2;;
STATUT_DIFFUSION;Statut de diffusion Sirene;_Z;Sans objet;CHAR;2;;
STRUCTURE_EXERCICE;Structure d'exercice de l'activité;CG;Cabinet de groupe;CHAR;2;;
STRUCTURE_EXERCICE;Structure d'exercice de l'activité;CI;Cabinet individuel;CHAR;2;;
STRUCTURE_EXERCICE;Structure d'exercice de l'activité;ES;Exercice en société;CHAR;2;;
STRUCTURE_EXERCICE;Structure d'exercice de l'activité;_U;Indéterminé;CHAR;2;;
STRUCTURE_EXERCICE;Structure d'exercice de l'activité;_Z;Sans objet;CHAR;2;;
TR_DIST_PRECISION;Erreur maximum de positionnement dans la voie ou le lieu-dit;< 100;Moins de 100 mètres;CHAR;11;;
TR_DIST_PRECISION;Erreur maximum de positionnement dans la voie ou le lieu-dit;>= 500;500 mètres ou plus;CHAR;11;;
TR_DIST_PRECISION;Erreur maximum de positionnement dans la voie ou le lieu-dit;[100 - 500[;De 100 à moins de 500 mètres;CHAR;11;;
TR_DIST_PRECISION;Erreur maximum de positionnement dans la voie ou le lieu-dit;_U;Indéterminé;CHAR;11;;
TR_DIST_PRECISION;Erreur maximum de positionnement dans la voie ou le lieu-dit;_Z;Sans objet;CHAR;11;;
TYPE;Type de lieux;1;Fixe;CHAR;2;;
TYPE;Type de lieux;2;Bus ou équivalent;CHAR;2;;
TYPE;Type de lieux;3;Antenne fixe;CHAR;2;;
TYPE;Type de lieux;4;Itinérant;CHAR;2;;
TYPE;Type de lieux;5;Multi-sites;CHAR;2;;
TYPE;Type de lieux;_U;Indéterminé;CHAR;2;;
TYPE;Type de lieux;_Z;Sans objet;CHAR;2;;
TYPEQU;Type d'équipement;A101;POLICE;CHAR;4;;
TYPEQU;Type d'équipement;A104;GENDARMERIE;CHAR;4;;
TYPEQU;Type d'équipement;A105;COUR D’APPEL;CHAR;4;;
TYPEQU;Type d'équipement;A108;CONSEIL DE PRUD’HOMMES;CHAR;4;;
TYPEQU;Type d'équipement;A109;TRIBUNAL DE COMMERCE;CHAR;4;;
TYPEQU;Type d'équipement;A120;DIRECTION RÉGIONALE DES FINANCES PUBLIQUES;CHAR;4;;
TYPEQU;Type d'équipement;A121;DIRECTION DÉPARTEMENTALE DES FINANCES PUBLIQUES;CHAR;4;;
TYPEQU;Type d'équipement;A122;RÉSEAU DE PROXIMITÉ FRANCE TRAVAIL;CHAR;4;;
TYPEQU;Type d'équipement;A124;MAISON DE JUSTICE ET DU DROIT;CHAR;4;;
TYPEQU;Type d'équipement;A125;ANTENNE DE JUSTICE;CHAR;4;;
TYPEQU;Type d'équipement;A126;CONSEIL DÉPARTEMENTAL D’ACCÈS AU DROIT;CHAR;4;;
TYPEQU;Type d'équipement;A128;FRANCE SERVICES;CHAR;4;;
TYPEQU;Type d'équipement;A129;MAIRIE;CHAR;4;;
TYPEQU;Type d'équipement;A130;BUREAU D’AIDE JURIDICTIONNELLE;CHAR;4;;
TYPEQU;Type d'équipement;A131;TRIBUNAL JUDICIAIRE;CHAR;4;;
TYPEQU;Type d'équipement;A132;TRIBUNAL DE PROXIMITÉ;CHAR;4;;
TYPEQU;Type d'équipement;A133;DÉCHÈTERIE;CHAR;4;;
TYPEQU;Type d'équipement;A134;COUR CRIMINELLE DEPARTEMENTALE;CHAR;4;;
TYPEQU;Type d'équipement;A135;COUR D'ASSISES;CHAR;4;;
TYPEQU;Type d'équipement;A136;JURIDICTION ADMINISTRATIVE;CHAR;4;;
TYPEQU;Type d'équipement;A137;TRIBUNAL CORRECTIONNEL;CHAR;4;;
TYPEQU;Type d'équipement;A138;TRIBUNAL DE POLICE;CHAR;4;;
TYPEQU;Type d'équipement;A139;TRIBUNAL POUR ENFANTS;CHAR;4;;
TYPEQU;Type d'équipement;A203;BANQUE, CAISSE D’ÉPARGNE;CHAR;4;;
TYPEQU;Type d'équipement;A205;SERVICES FUNÉRAIRES;CHAR;4;;
TYPEQU;Type d'équipement;A206;BUREAU DE POSTE;CHAR;4;;
TYPEQU;Type d'équipement;A207;RELAIS POSTE;CHAR;4;;
TYPEQU;Type d'équipement;A208;AGENCE POSTALE;CHAR;4;;
TYPEQU;Type d'équipement;A301;RÉPARATION AUTOMOBILE ET DE MATÉRIEL AGRICOLE;CHAR;4;;
TYPEQU;Type d'équipement;A302;CONTRÔLE TECHNIQUE AUTOMOBILE;CHAR;4;;
TYPEQU;Type d'équipement;A303;LOCATION AUTO-UTILITAIRES LÉGERS;CHAR;4;;
TYPEQU;Type d'équipement;A304;ÉCOLE DE CONDUITE;CHAR;4;;
TYPEQU;Type d'équipement;A401;MAÇON;CHAR;4;;
TYPEQU;Type d'équipement;A402;PLÂTRIER PEINTRE;CHAR;4;;
TYPEQU;Type d'équipement;A403;MENUISIER CHARPENTIER SERRURIER;CHAR;4;;
TYPEQU;Type d'équipement;A404;PLOMBIER COUVREUR CHAUFFAGISTE;CHAR;4;;
TYPEQU;Type d'équipement;A405;ÉLECTRICIEN;CHAR;4;;
TYPEQU;Type d'équipement;A406;ENTREPRISE GÉNÉRALE DU BÂTIMENT;CHAR;4;;
TYPEQU;Type d'équipement;A501;COIFFURE;CHAR;4;;
TYPEQU;Type d'équipement;A502;VÉTÉRINAIRE;CHAR;4;;
TYPEQU;Type d'équipement;A503;AGENCE DE TRAVAIL TEMPORAIRE;CHAR;4;;
TYPEQU;Type d'équipement;A504;RESTAURANT- RESTAURATION RAPIDE;CHAR;4;;
TYPEQU;Type d'équipement;A505;AGENCE IMMOBILIÈRE;CHAR;4;;
TYPEQU;Type d'équipement;A506;PRESSING-LAVERIE AUTOMATIQUE;CHAR;4;;
TYPEQU;Type d'équipement;A507;INSTITUT DE BEAUTÉ-ONGLERIE;CHAR;4;;
TYPEQU;Type d'équipement;B103;GRANDE SURFACE DE BRICOLAGE;CHAR;4;;
TYPEQU;Type d'équipement;B104;HYPERMARCHÉ ET GRAND MAGASIN;CHAR;4;;
TYPEQU;Type d'équipement;B105;SUPERMARCHÉ ET MAGASIN MULTI-COMMERCE;CHAR;4;;
TYPEQU;Type d'équipement;B201;SUPÉRETTE;CHAR;4;;
TYPEQU;Type d'équipement;B202;ÉPICERIE;CHAR;4;;
TYPEQU;Type d'équipement;B204;BOUCHERIE CHARCUTERIE;CHAR;4;;
TYPEQU;Type d'équipement;B205;PRODUITS SURGELÉS;CHAR;4;;
TYPEQU;Type d'équipement;B206;POISSONNERIE;CHAR;4;;
TYPEQU;Type d'équipement;B207;BOULANGERIE-PÂTISSERIE;CHAR;4;;
TYPEQU;Type d'équipement;B208;COMMERCE SPÉCIALISÉ EN FRUITS ET LÉGUMES;CHAR;4;;
TYPEQU;Type d'équipement;B209;COMMERCE DE BOISSONS;CHAR;4;;
TYPEQU;Type d'équipement;B210;AUTRES COMMERCES ALIMENTAIRES;CHAR;4;;
TYPEQU;Type d'équipement;B302;MAGASIN DE VÊTEMENTS;CHAR;4;;
TYPEQU;Type d'équipement;B303;MAGASIN D’ÉQUIPEMENTS DU FOYER;CHAR;4;;
TYPEQU;Type d'équipement;B304;MAGASIN DE CHAUSSURES;CHAR;4;;
TYPEQU;Type d'équipement;B306;MAGASIN DE MEUBLES;CHAR;4;;
TYPEQU;Type d'équipement;B307;MAGASIN D’ARTICLES DE SPORTS ET DE LOISIRS;CHAR;4;;
TYPEQU;Type d'équipement;B308;MAGASIN DE REVÊTEMENTS MURS ET SOLS;CHAR;4;;
TYPEQU;Type d'équipement;B309;DROGUERIE QUINCAILLERIE BRICOLAGE;CHAR;4;;
TYPEQU;Type d'équipement;B310;PARFUMERIE-COSMÉTIQUE;CHAR;4;;
TYPEQU;Type d'équipement;B311;HORLOGERIE-BIJOUTERIE;CHAR;4;;
TYPEQU;Type d'équipement;B312;FLEURISTE-JARDINERIE-ANIMALERIE;CHAR;4;;
TYPEQU;Type d'équipement;B313;MAGASIN D’OPTIQUE;CHAR;4;;
TYPEQU;Type d'équipement;B315;MAGASIN DE MATÉRIEL MÉDICAL ET ORTHOPÉDIQUE;CHAR;4;;
TYPEQU;Type d'équipement;B316;STATION-SERVICE;CHAR;4;;
TYPEQU;Type d'équipement;B317;COMMERCE DE TISSUS ET MERCERIE;CHAR;4;;
TYPEQU;Type d'équipement;B318;COMMERCE DE JEUX ET JOUETS;CHAR;4;;
TYPEQU;Type d'équipement;B319;MAROQUINERIE ET ARTICLES DE VOYAGE;CHAR;4;;
TYPEQU;Type d'équipement;B320;COMMERCE DE COMBUSTIBLES DOMESTIQUES;CHAR;4;;
TYPEQU;Type d'équipement;B321;MAGASIN ÉLECTROMÉNAGER, MATÉRIEL AUDIO VIDÉO INFORMATIQUE;CHAR;4;;
TYPEQU;Type d'équipement;B322;MAGASIN DE MATÉRIELS DE TÉLÉCOMMUNICATION;CHAR;4;;
TYPEQU;Type d'équipement;B323;COMMERCE DE BIENS D’OCCASION;CHAR;4;;
TYPEQU;Type d'équipement;B324;LIBRAIRIE;CHAR;4;;
TYPEQU;Type d'équipement;B325;PAPETERIE ET PRESSE;CHAR;4;;
TYPEQU;Type d'équipement;B326;STATION DE RECHARGE DE VÉHICULES ÉLECTRIQUES;CHAR;4;;
TYPEQU;Type d'équipement;C107;ÉCOLE MATERNELLE;CHAR;4;;
TYPEQU;Type d'équipement;C108;ÉCOLE PRIMAIRE;CHAR;4;;
TYPEQU;Type d'équipement;C109;ÉCOLE ÉLÉMENTAIRE;CHAR;4;;
TYPEQU;Type d'équipement;C201;COLLÈGE;CHAR;4;;
TYPEQU;Type d'équipement;C301;LYCÉE D’ENSEIGNEMENT GÉNÉRAL ET/OU TECHNOLOGIQUE;CHAR;4;;
TYPEQU;Type d'équipement;C302;LYCÉE D’ENSEIGNEMENT PROFESSIONNEL;CHAR;4;;
TYPEQU;Type d'équipement;C303;LYCÉE D’ENSEIGNEMENT TECHNIQUE ET/OU PROFESSIONNEL AGRICOLE;CHAR;4;;
TYPEQU;Type d'équipement;C304;SGT SECTION D’ENSEIGNEMENT GÉNÉRAL ET TECHNOLOGIQUE;CHAR;4;;
TYPEQU;Type d'équipement;C305;SEP SECTION D’ENSEIGNEMENT PROFESSIONNEL;CHAR;4;;
TYPEQU;Type d'équipement;C401;STS SECTION TECHNICIEN SUPÉRIEUR, CPGE CLASSE PRÉPARATOIRE AUX GRANDES ÉCOLES;CHAR;4;;
TYPEQU;Type d'équipement;C403;FORMATION COMMERCE;CHAR;4;;
TYPEQU;Type d'équipement;C409;AUTRE FORMATION POST BAC NON UNIVERSITAIRE;CHAR;4;;
TYPEQU;Type d'équipement;C410;ÉCOLE DE FORMATION AUX PROFESSIONS SANITAIRES ET SOCIALES;CHAR;4;;
TYPEQU;Type d'équipement;C501;UFR;CHAR;4;;
TYPEQU;Type d'équipement;C502;INSTITUT UNIVERSITAIRE;CHAR;4;;
TYPEQU;Type d'équipement;C503;ÉCOLE D’INGÉNIEURS;CHAR;4;;
TYPEQU;Type d'équipement;C504;ENSEIGNEMENT GÉNÉRAL SUPÉRIEUR PRIVÉ;CHAR;4;;
TYPEQU;Type d'équipement;C505;ÉCOLE D’ENSEIGNEMENT SUPÉRIEUR AGRICOLE;CHAR;4;;
TYPEQU;Type d'équipement;C509;AUTRE ENSEIGNEMENT SUPÉRIEUR;CHAR;4;;
TYPEQU;Type d'équipement;C602;GRETA;CHAR;4;;
TYPEQU;Type d'équipement;C603;CENTRE DISPENSANT DE LA FORMATION CONTINUE AGRICOLE;CHAR;4;;
TYPEQU;Type d'équipement;C604;FORMATION AUX MÉTIERS DU SPORT;CHAR;4;;
TYPEQU;Type d'équipement;C610;ORGANISME DE FORMATION EN APPRENTISSAGE;CHAR;4;;
TYPEQU;Type d'équipement;C701;RÉSIDENCE UNIVERSITAIRE;CHAR;4;;
TYPEQU;Type d'équipement;C702;RESTAURANT UNIVERSITAIRE;CHAR;4;;
TYPEQU;Type d'équipement;D101;ÉTABLISSEMENT DE SOINS DE COURTE DURÉE;CHAR;4;;
TYPEQU;Type d'équipement;D102;ÉTABLISSEMENT DE SOINS DE SUITE ET DE RÉADAPTATION;CHAR;4;;
TYPEQU;Type d'équipement;D103;ÉTABLISSEMENT DE SOINS DE LONGUE DURÉE;CHAR;4;;
TYPEQU;Type d'équipement;D104;ÉTABLISSEMENT PSYCHIATRIQUE;CHAR;4;;
TYPEQU;Type d'équipement;D105;CENTRE DE LUTTE CONTRE LE CANCER;CHAR;4;;
TYPEQU;Type d'équipement;D106;URGENCES;CHAR;4;;
TYPEQU;Type d'équipement;D107;MATERNITÉ;CHAR;4;;
TYPEQU;Type d'équipement;D108;CENTRE DE SANTÉ;CHAR;4;;
TYPEQU;Type d'équipement;D109;STRUCTURE PSYCHIATRIQUE EN AMBULATOIRE;CHAR;4;;
TYPEQU;Type d'équipement;D110;CENTRE DE MÉDECINE PRÉVENTIVE;CHAR;4;;
TYPEQU;Type d'équipement;D111;DIALYSE;CHAR;4;;
TYPEQU;Type d'équipement;D112;HOSPITALISATION À DOMICILE;CHAR;4;;
TYPEQU;Type d'équipement;D113;MAISON DE SANTÉ PLURIDISCIPLINAIRE;CHAR;4;;
TYPEQU;Type d'équipement;D114;SERVICE DE PRISE EN CHARGE DES ADDICTIONS;CHAR;4;;
TYPEQU;Type d'équipement;D115;SERVICES DE SANTÉ MATERNELLE ET INFANTILE;CHAR;4;;
TYPEQU;Type d'équipement;D245;PROFESSIONNELS DE L’APPAREILLAGE;CHAR;4;;
TYPEQU;Type d'équipement;D247;ERGOTHÉRAPEUTE;CHAR;4;;
TYPEQU;Type d'équipement;D248;PSYCHOMOTRICIEN;CHAR;4;;
TYPEQU;Type d'équipement;D249;DIÉTÉTICIEN;CHAR;4;;
TYPEQU;Type d'équipement;D250;PSYCHOLOGUE;CHAR;4;;
TYPEQU;Type d'équipement;D251;ALLERGOLOGUE;CHAR;4;;
TYPEQU;Type d'équipement;D252;ANESTHÉSISTE-RÉANIMATEUR;CHAR;4;;
TYPEQU;Type d'équipement;D253;SPÉCIALISTE EN CHIRURGIE GÉNÉRALE;CHAR;4;;
TYPEQU;Type d'équipement;D254;SPÉCIALISTE EN CHIRURGIE ORTHOPÉDIQUE, PLASTIQUE ET TRAUMATOLOGIQUE;CHAR;4;;
TYPEQU;Type d'équipement;D255;ENDOCRINOLOGUE;CHAR;4;;
TYPEQU;Type d'équipement;D256;GÉRIATRE;CHAR;4;;
TYPEQU;Type d'équipement;D257;HÉMATOLOGUE;CHAR;4;;
TYPEQU;Type d'équipement;D258;SPÉCIALISTE EN MÉDECINE PHYSIQUE ET DE RÉADAPTATION;CHAR;4;;
TYPEQU;Type d'équipement;D259;NEUROLOGUE;CHAR;4;;
TYPEQU;Type d'équipement;D260;SPÉCIALISTE EN ONCOLOGIE, ANATOMIE ET CYTOLOGIE PATHOLOGIQUES;CHAR;4;;
TYPEQU;Type d'équipement;D261;RHUMATOLOGUE;CHAR;4;;
TYPEQU;Type d'équipement;D262;UROLOGUE, NÉPHROLOGUE;CHAR;4;;
TYPEQU;Type d'équipement;D265;MÉDECIN GÉNÉRALISTE;CHAR;4;;
TYPEQU;Type d'équipement;D266;SPÉCIALISTE EN CARDIOLOGIE;CHAR;4;;
TYPEQU;Type d'équipement;D267;SPÉCIALISTE EN DERMATOLOGIE VÉNÉRÉOLOGIE;CHAR;4;;
TYPEQU;Type d'équipement;D268;SPÉCIALISTE EN GASTRO-ENTÉROLOGIE HÉPATOLOGIE;CHAR;4;;
TYPEQU;Type d'équipement;D269;SPÉCIALISTE EN PSYCHIATRIE;CHAR;4;;
TYPEQU;Type d'équipement;D270;SPÉCIALISTE EN OPHTALMOLOGIE;CHAR;4;;
TYPEQU;Type d'équipement;D271;SPÉCIALISTE EN OTO-RHINO-LARYNGOLOGIE;CHAR;4;;
TYPEQU;Type d'équipement;D272;SPÉCIALISTE EN PÉDIATRIE;CHAR;4;;
TYPEQU;Type d'équipement;D273;SPÉCIALISTE EN PNEUMOLOGIE;CHAR;4;;
TYPEQU;Type d'équipement;D274;SPÉCIALISTE EN RADIODIAGNOSTIC ET IMAGERIE MÉDICALE;CHAR;4;;
TYPEQU;Type d'équipement;D275;SPÉCIALISTE EN STOMATOLOGIE;CHAR;4;;
TYPEQU;Type d'équipement;D276;SPÉCIALISTE EN GYNÉCOLOGIE MÉDICALE ET/OU OBSTÉTRIQUE;CHAR;4;;
TYPEQU;Type d'équipement;D277;CHIRURGIEN DENTISTE;CHAR;4;;
TYPEQU;Type d'équipement;D278;SAGE-FEMME;CHAR;4;;
TYPEQU;Type d'équipement;D279;MASSEUR KINÉSITHÉRAPEUTE;CHAR;4;;
TYPEQU;Type d'équipement;D280;PÉDICURE-PODOLOGUE;CHAR;4;;
TYPEQU;Type d'équipement;D281;INFIRMIER;CHAR;4;;
TYPEQU;Type d'équipement;D302;LABORATOIRE D ANALYSES ET DE BIOLOGIE MÉDICALE;CHAR;4;;
TYPEQU;Type d'équipement;D303;AMBULANCE;CHAR;4;;
TYPEQU;Type d'équipement;D304;TRANSFUSION SANGUINE;CHAR;4;;
TYPEQU;Type d'équipement;D305;ÉTABLISSEMENT THERMAL;CHAR;4;;
TYPEQU;Type d'équipement;D307;PHARMACIE;CHAR;4;;
TYPEQU;Type d'équipement;D401;PERSONNES ÂGÉES : HÉBERGEMENT;CHAR;4;;
TYPEQU;Type d'équipement;D402;PERSONNES ÂGÉES : SOINS À DOMICILE;CHAR;4;;
TYPEQU;Type d'équipement;D403;PERSONNES ÂGÉES : SERVICES D’AIDE;CHAR;4;;
TYPEQU;Type d'équipement;D502;ÉTABLISSEMENT D’ACCUEIL DU JEUNE ENFANT;CHAR;4;;
TYPEQU;Type d'équipement;D503;LIEUX D'ACCUEIL ENFANT-PARENT;CHAR;4;;
TYPEQU;Type d'équipement;D504;RELAIS PETITE ENFANCE;CHAR;4;;
TYPEQU;Type d'équipement;D505;ACCUEIL DE LOISIR SANS HÉBERGEMENT;CHAR;4;;
TYPEQU;Type d'équipement;D506;CENTRES SOCIAUX;CHAR;4;;
TYPEQU;Type d'équipement;D507;MÉDIATION FAMILIALE;CHAR;4;;
TYPEQU;Type d'équipement;D601;ENFANTS HANDICAPÉS : HÉBERGEMENT;CHAR;4;;
TYPEQU;Type d'équipement;D602;ENFANTS HANDICAPÉS : SERVICES À DOMICILE OU AMBULATOIRES;CHAR;4;;
TYPEQU;Type d'équipement;D603;ADULTES HANDICAPÉS : ACCUEIL/HÉBERGEMENT;CHAR;4;;
TYPEQU;Type d'équipement;D604;ADULTES HANDICAPÉS : SERVICES D’AIDE;CHAR;4;;
TYPEQU;Type d'équipement;D605;TRAVAIL PROTÉGÉ;CHAR;4;;
TYPEQU;Type d'équipement;D606;ADULTES HANDICAPÉS : SERVICES DE SOINS À DOMICILE;CHAR;4;;
TYPEQU;Type d'équipement;D607;SERVICE D’AIDE AUX DÉFICIENTS VISUELS OU AUDITIFS;CHAR;4;;
TYPEQU;Type d'équipement;D701;PROTECTION DE L’ENFANCE : HÉBERGEMENT;CHAR;4;;
TYPEQU;Type d'équipement;D702;PROTECTION DE L’ENFANCE : ACTION ÉDUCATIVE;CHAR;4;;
TYPEQU;Type d'équipement;D703;CENTRE D’HÉBERGEMENT ET DE RÉINSERTION SOCIALE;CHAR;4;;
TYPEQU;Type d'équipement;D704;CENTRE PROVISOIRE D’HÉBERGEMENT;CHAR;4;;
TYPEQU;Type d'équipement;D705;CENTRE D'ACCUEIL DE DEMANDEURS D’ASILE;CHAR;4;;
TYPEQU;Type d'équipement;D710;AUTRES HÉBERGEMENTS POUR ADULTES ET FAMILLES EN DIFFICULTÉ;CHAR;4;;
TYPEQU;Type d'équipement;D711;SERVICE D’AIDE AUX FEMMES EN SITUATION DE VULNÉRABILITÉ;CHAR;4;;
TYPEQU;Type d'équipement;E101;TAXI-VTC;CHAR;4;;
TYPEQU;Type d'équipement;E102;AÉROPORT;CHAR;4;;
TYPEQU;Type d'équipement;E107;GARE DE VOYAGEURS D’INTÉRÊT NATIONAL;CHAR;4;;
TYPEQU;Type d'équipement;E108;GARE DE VOYAGEURS D’INTÉRÊT RÉGIONAL;CHAR;4;;
TYPEQU;Type d'équipement;E109;GARE DE VOYAGEURS D’INTÉRÊT LOCAL;CHAR;4;;
TYPEQU;Type d'équipement;F101;BASSIN DE NATATION;CHAR;4;;
TYPEQU;Type d'équipement;F102;BOULODROME;CHAR;4;;
TYPEQU;Type d'équipement;F103;TENNIS;CHAR;4;;
TYPEQU;Type d'équipement;F105;DOMAINE SKIABLE;CHAR;4;;
TYPEQU;Type d'équipement;F106;CENTRE ÉQUESTRE;CHAR;4;;
TYPEQU;Type d'équipement;F107;ATHLÉTISME;CHAR;4;;
TYPEQU;Type d'équipement;F108;TERRAIN DE GOLF;CHAR;4;;
TYPEQU;Type d'équipement;F109;PARCOURS SPORTIF/SANTÉ;CHAR;4;;
TYPEQU;Type d'équipement;F110;SPORTS DE GLACE;CHAR;4;;
TYPEQU;Type d'équipement;F111;PLATEAUX ET TERRAINS DE JEUX EXTÉRIEURS;CHAR;4;;
TYPEQU;Type d'équipement;F113;TERRAINS DE GRANDS JEUX;CHAR;4;;
TYPEQU;Type d'équipement;F114;SALLES DE COMBAT;CHAR;4;;
TYPEQU;Type d'équipement;F116;SALLES NON SPÉCIALISÉES;CHAR;4;;
TYPEQU;Type d'équipement;F118;SPORTS NAUTIQUES;CHAR;4;;
TYPEQU;Type d'équipement;F119;BOWLING;CHAR;4;;
TYPEQU;Type d'équipement;F120;SALLES DE REMISE EN FORME;CHAR;4;;
TYPEQU;Type d'équipement;F121;SALLES MULTISPORTS, GYMNASES;CHAR;4;;
TYPEQU;Type d'équipement;F122;CIRCUIT / PISTE DE SPORTS MÉCANIQUES;CHAR;4;;
TYPEQU;Type d'équipement;F123;MUR ET FRONTON;CHAR;4;;
TYPEQU;Type d'équipement;F124;PAS DE TIR;CHAR;4;;
TYPEQU;Type d'équipement;F125;SITE D'ACTIVITÉS AÉRIENNES;CHAR;4;;
TYPEQU;Type d'équipement;F126;SITE DE MODÉLISME;CHAR;4;;
TYPEQU;Type d'équipement;F127;STRUCTURE ARTIFICIELLE D’ESCALADE;CHAR;4;;
TYPEQU;Type d'équipement;F128;ÉQUIPEMENTS DE CYCLISME;CHAR;4;;
TYPEQU;Type d'équipement;F129;SALLES SPÉCIALISÉES;CHAR;4;;
TYPEQU;Type d'équipement;F130;SKATEPARK & VÉLO-FREESTYLE;CHAR;4;;
TYPEQU;Type d'équipement;F201;BAIGNADE AMÉNAGÉE;CHAR;4;;
TYPEQU;Type d'équipement;F202;PORT DE PLAISANCE – MOUILLAGE;CHAR;4;;
TYPEQU;Type d'équipement;F203;BOUCLE DE RANDONNÉE ET PARCOURS DE COURSE D’ORIENTATION;CHAR;4;;
TYPEQU;Type d'équipement;F204;ÉQUIPEMENTS DE SPORTS DE NATURE;CHAR;4;;
TYPEQU;Type d'équipement;F303;CINÉMA;CHAR;4;;
TYPEQU;Type d'équipement;F305;CONSERVATOIRE;CHAR;4;;
TYPEQU;Type d'équipement;F307;BIBLIOTHÈQUE;CHAR;4;;
TYPEQU;Type d'équipement;F312;EXPOSITION ET MÉDIATION CULTURELLE;CHAR;4;;
TYPEQU;Type d'équipement;F313;ESPACE REMARQUABLE ET PATRIMOINE;CHAR;4;;
TYPEQU;Type d'équipement;F314;ARCHIVES;CHAR;4;;
TYPEQU;Type d'équipement;F315;ARTS DU SPECTACLE;CHAR;4;;
TYPEQU;Type d'équipement;G101;AGENCE DE VOYAGE;CHAR;4;;
TYPEQU;Type d'équipement;G102;HÔTEL;CHAR;4;;
TYPEQU;Type d'équipement;G103;CAMPING;CHAR;4;;
TYPEQU;Type d'équipement;G104;INFORMATION TOURISTIQUE;CHAR;4;;
TYPEQU;Type d'équipement;G105;AUTRES HÉBERGEMENTS COLLECTIFS TOURISTIQUES;CHAR;4;;
TYPVOIE;Type de voie de l'adresse d'implantation de l'équipement;;;CHAR;4;;
UU2020;Unité urbaine 2020 d'implantation de l'équipement;liste;liste;CHAR;5;millésime 2024;https://www.insee.fr/fr/information/8063612
UU2020;Unité urbaine 2020 d'implantation de l'équipement;CSZ;Commune sans zonage. La commune n'est pas concernée par les UU2020.;CHAR;5;;Modalité spécifique à la BPE
ZUS;Zone urbaine sensible d'appartenance de l'équipement;liste;liste;CHAR;7;millésime 2001;https://sig.ville.gouv.fr/atlas/ZUS
ZUS;Zone urbaine sensible d'appartenance de l'équipement;CSZ;Commune sans zonage. La commune n'est pas concernée par les ZUS.;CHAR;7;;Modalité spécifique à la BPE
ZUS;Zone urbaine sensible d'appartenance de l'équipement;HZ;hors zonage : localisation hors du zonage ZUS.;CHAR;7;;Modalité spécifique à la BPE
ZUS;Zone urbaine sensible d'appartenance de l'équipement;IND;l’appartenance au zonage ZUS est indéterminée.;CHAR;7;;Modalité spécifique à la BPE
